Workbook

Sheet Voltage-Speed conversion
B1: Min | C1: Nom | D1: Max | F1: Percentages
A2: ADC voltage [V] | B2: ='(old) +3.3V power supply TL431'!B14 -> 3.2216934 | C2: ='(old) +3.3V power supply TL431'!C14 -> 3.2942766 | D2: ='(old) +3.3V power supply TL431'!D14 -> 3.3698898 | F2: Stop | G2: Start | H2: Max | J2: Resistor tolerance [%]
A3: Speed [RPM] | B3: 200 | C3: 1700 | D3: 2000 | F3: 0.2 | G3: 0.24 | H3: 0.96 | J3: 1
A4: Vdiv_target [V] | B4: =G3*C2 -> 0.79062638 | C4: =((C3-B3)/(D3-B3)*(D4-B4))+B4 -> 2.7671923 | D4: =H3*C2 -> 3.1625055
A5: Rupper [kΩ] | B5: =C5*(1-$J$3/100) -> 3.168 | C5: 3.2 | D5: =C5*(1+$J$3/100) -> 3.232 | F5: text | G5: Editable
A6: Rlower [kΩ] | B6: =C6*(1-$J$3/100) -> 16.632 | C6: 16.8 | D6: =C6*(1+$J$3/100) -> 16.968 | F6: text | G6: Non-editable
A7: VSP [V] | B7: =B6/(B6+D5)*$B$2 -> 2.6975033 | C7: =C6/(C6+C5)*$C$2 -> 2.7671923 | D7: =D6/(D6+B5)*$D$2 -> 2.8397045 | G7: Target
G8: Parameter
G9: Output
G10: Temperature

Sheet Bus sense
B1: Min | C1: Nom | D1: Max
A2: VDC [V] | B2: 22 | C2: 24 | D2: 26 | F2: text | G2: Editable | I2: Resistor tolerance [%]
A3: Rupper [kΩ] | B3: =C3*(1-$I$3/100) -> 990 | C3: 1000 | D3: =C3*(1+$I$3/100) -> 1010 | F3: text | G3: Non-editable | I3: 1
A4: Rlower [kΩ] | B4: =C4*(1-$I$3/100) -> 99 | C4: 100 | D4: =C4*(1+$I$3/100) -> 101 | G4: Target
A5: BUS_SENSE [V] | B5: =B4/(B4+D3)*B2 -> 1.9639315 | C5: =C4/(C4+C3)*C2 -> 2.1818182 | D5: =D4/(D4+B3)*D2 -> 2.4069661 | G5: Parameter
G6: Output
G7: Temperature

Sheet +15V power supply LM317
B1: Min | C1: Nom | D1: Max | F1: IC | G1: Tja [K/W] | H1: Tamb [°C] | J1: Resistor tolerance [%]
A2: Vin [V] | B2: 22 | C2: 24 | D2: 26 | F2: LM317 | G2: 50 | H2: 40 | J2: 1
A3: Vout_target [V] | B3: 15 | C3: 15 | D3: 15
A4: I(3.3V+reg) [mA] | B4: ='+3.3V power supply LM317'!B19 -> 11.881188 | C4: ='+3.3V power supply LM317'!C19 -> 27.5 | D4: ='+3.3V power supply LM317'!D19 -> 38.131313 | F4: text | G4: Editable
A5: I(15V) [mA] | B5: 0 | C5: 9.81 | D5: 16.62 | F5: text | G5: Non-editable
A6: Iload [mA] | B6: =B4+B5 -> 11.881188 | C6: =C4+C5 -> 37.31 | D6: =D4+D5 -> 54.751313 | G6: Target
G7: Parameter
A8: Vref [V] | B8: 1.2 | C8: 1.25 | D8: 1.3 | G8: Output
A9: Iadj [uA] | B9: 10 | C9: 50 | D9: 100 | G9: Temperature
A10: Ir1_target [mA] | B10: 10 | C10: 10 | D10: 10
A11: R1_target [Ω] | B11: =B8/D10*1000 -> 120 | C11: =C8/C10*1000 -> 125 | D11: =D8/B10*1000 -> 130
A12: R1[Ω] | B12: =C12-($J$2/100*C12) -> 108.9 | C12: 110 | D12: =C12+($J$2/100*C12) -> 111.1
A13: R2_target [Ω] | B13: =(B3-D8)/(D8/(B12)+D9/1000000) -> 1138.1046 | C13: =(C3-C8)/(C8/(C12)+C9/1000000) -> 1204.6993 | D13: =(D3-B8)/(B8/(D12)+B9/1000000) -> 1276.4682
A14: R2 [Ω] | B14: =C14-($J$2/100*C14) -> 1188 | C14: 1200 | D14: =C14+($J$2/100*C14) -> 1212
A15: Vout [V] | B15: =B8*(1+B14/D12)+(B9/1000000*B14) -> 14.043563 | C15: =C8*(1+C14/C12)+(C9/1000000*C14) -> 14.946364 | D15: =D8*(1+D14/B12)+(D9/1000000*D14) -> 15.88952
A16: Ir1 [mA] | B16: =B8/D12*1000 -> 10.80108 | C16: =C8/C12*1000 -> 11.363636 | D16: =D8/B12*1000 -> 11.937557
A17: Pr1 [mW] | B17: =POWER(B16, 2)*B12/1000 -> 12.704637 | C17: =POWER(C16, 2)*C12/1000 -> 14.204545 | D17: =POWER(D16, 2)*D12/1000 -> 15.832336
A18: Pr2 [mW] | B18: =POWER((B15-D8), 2)/D14*1000 -> 133.99208 | C18: =POWER((C15-C8), 2)/C14*1000 -> 156.32531 | D18: =POWER((D15-B8), 2)/B14*1000 -> 181.63467
A20: Ireg [mA] | B20: =B6+B16 -> 22.682268 | C20: =C6+C16 -> 48.673636 | D20: =D6+D16 -> 66.688871
A21: Udrop [V] | B21: =B2-D15 -> 6.1104804 | C21: =C2-C15 -> 9.0536364 | D21: =D2-B15 -> 11.956437
A22: Preg [W] | B22: =B21*(B16+B6)/1000 -> 0.13859956 | C22: =C21*(C16+C6)/1000 -> 0.4406734 | D22: =D21*(D16+D6)/1000 -> 0.79736127
A23: Treg [°C] | B23: =B22*$G$2+$H$2 -> 46.929978 | C23: =C22*$G$2+$H$2 -> 62.03367 | D23: =D22*$G$2+$H$2 -> 79.868063

Sheet +3.3V power supply LM317
B1: Min | C1: Nom | D1: Max | F1: IC | G1: Tja [K/W] | H1: Tamb [°C] | J1: Resistor tolerance [%]
A2: Vin [V] | B2: ='+15V power supply LM317'!B15 -> 14.043563 | C2: ='+15V power supply LM317'!C15 -> 14.946364 | D2: ='+15V power supply LM317'!D15 -> 15.88952 | F2: LM317 | G2: 50 | H2: 40 | J2: 1
A3: Vout_target [V] | B3: 3.3 | C3: 3.3 | D3: 3.3
A4: I(3.3V) [mA] | B4: 0 | C4: 15 | D4: 25 | F4: text | G4: Editable
A5: Iload [mA] | B5: =B4 -> 0 | C5: =C4 -> 15 | D5: =D4 -> 25 | F5: text | G5: Non-editable
G6: Target
A7: Vref [V] | B7: 1.2 | C7: 1.25 | D7: 1.3 | G7: Parameter
A8: Iadj [uA] | B8: 10 | C8: 50 | D8: 100 | G8: Output
A9: Ir1_target [mA] | B9: 10 | C9: 10 | D9: 10 | G9: Temperature
A10: R1_target [Ω] | B10: =B7/D9*1000 -> 120 | C10: =C7/C9*1000 -> 125 | D10: =D7/B9*1000 -> 130
A11: R1[Ω] | B11: =C11-($J$2/100*C11) -> 99 | C11: 100 | D11: =C11+($J$2/100*C11) -> 101
A12: R2_target [Ω] | B12: =(B3-D7)/(D7/(B11)+D8/1000000) -> 151.15658 | C12: =(C3-C7)/(C7/(C11)+C8/1000000) -> 163.34661 | D12: =(D3-B7)/(B7/(D11)+B8/1000000) -> 176.60136
A13: R2 [Ω] | B13: =C13-($J$2/100*C13) -> 163.35 | C13: 165 | D13: =C13+($J$2/100*C13) -> 166.65
A14: Vout [V] | B14: =B7*(1+B13/D11)+(B8/1000000*B13) -> 3.1424256 | C14: =C7*(1+C13/C11)+(C8/1000000*C13) -> 3.32075 | D14: =D7*(1+D13/B11)+(D8/1000000*D13) -> 3.5049983
A15: Ir1 [mA] | B15: =B7/D11*1000 -> 11.881188 | C15: =C7/C11*1000 -> 12.5 | D15: =D7/B11*1000 -> 13.131313
A16: Pr1 [mW] | B16: =POWER(B15, 2)*B11/1000 -> 13.9751 | C16: =POWER(C15, 2)*C11/1000 -> 15.625 | D16: =POWER(D15, 2)*D11/1000 -> 17.41557
A17: Pr2 [mW] | B17: =POWER((B14-D7), 2)/D13*1000 -> 20.369229 | C17: =POWER((C14-C7), 2)/C13*1000 -> 25.987912 | D17: =POWER((D14-B7), 2)/B13*1000 -> 32.525359
A19: Ireg [mA] | B19: =B5+B15 -> 11.881188 | C19: =C5+C15 -> 27.5 | D19: =D5+D15 -> 38.131313
A20: Udrop [V] | B20: =B2-D14 -> 10.538565 | C20: =C2-C14 -> 11.625614 | D20: =D2-B14 -> 12.747094
A21: Preg [W] | B21: =B20*(B15+B5)/1000 -> 0.12521067 | C21: =C20*(C15+C5)/1000 -> 0.31970437 | D21: =D20*(D15+D5)/1000 -> 0.48606343
A22: Treg [°C] | B22: =B21*$G$2+$H$2 -> 46.260534 | C22: =C21*$G$2+$H$2 -> 55.985219 | D22: =D21*$G$2+$H$2 -> 64.303172

Sheet Temperatures
B1: Min | C1: Nom | D1: Max | F1: Tamb [°C] | H1: Resistor tolerance [%]
A2: Inverter shunt resistors (5x): | F2: 40 | H2: 0.01
A3: R [Ω] | B3: =C3-$H$2*C3 -> 0.1485 | C3: 0.15 | D3: =C3+$H$2*C3 -> 0.1515
A4: I [A] | B4: 4 | C4: 4.17 | D4: 10
A5: Cu area [mm^2] | B5: - | C5: 1000 | D5: -
A6: Cu area [in^2] | B6: - | C6: =C5/645.16 -> 1.5500031 | D6: -
A7: Rth(polygon) [°C in^2/W] | B7: - | C7: 125 | D7: -
A8: Ptransistor[W] | B8: =POWER(B4/5,2)*B3 -> 0.09504 | C8: =POWER(C4/5,2)*C3 -> 0.1043334 | D8: =POWER(D4/5,2)*D3 -> 0.606
A9: Tboard[°C] | B9: =$F$2+($C$7/$C$6*B8) -> 47.664501 | C9: =$F$2+($C$7/$C$6*C8) -> 48.413967 | D9: =$F$2+($C$7/$C$6*D8) -> 88.87087
A11: Inverter transistors (6x):
A12: Rdson [mΩ] | B12: - | C12: 2 | D12: 3.7
A13: I [A] | B13: 4 | C13: 4.17 | D13: 10
A14: Rth(j-mb) [°C/W] | B14: - | C14: 0.5 | D14: 1.15
A15: Cu area [mm^2] | B15: - | C15: 1000 | D15: -
A16: Cu area [in^2] | B16: - | C16: =C15/645.16 -> 1.5500031 | D16: -
A17: Ptransistor[W] | B17: - | C17: =C12*POWER(C13,2)/1000 -> 0.0347778 | D17: =D12*POWER(D13,2)/1000 -> 0.37
A18: Tboard[°C] | B18: - | C18: =$F$2+(($C$7/$C$16+C14)*C17) -> 42.822045 | D18: =$F$2+(($C$7/$C$16+D14)*D17) -> 70.26415
A20: 24V power transistor:
A21: Rdson [mΩ] | B21: - | C21: 2 | D21: 3.7
A22: I [A] | B22: 4 | C22: 4.17 | D22: 10
A23: Rth(j-mb) [°C/W] | B23: - | C23: 0.5 | D23: 1.15
A24: Cu area [mm^2] | B24: - | C24: 900 | D24: -
A25: Cu area [in^2] | B25: - | C25: =C24/645.16 -> 1.3950028 | D25: -
A26: Ptransistor[W] | B26: - | C26: =C21*POWER(C22,2)/1000 -> 0.0347778 | D26: =D21*POWER(D22,2)/1000 -> 0.37
A27: Tboard[°C] | B27: - | C27: =$F$2+(($C$7/$C$25+$D$23)*C26) -> 43.156279 | D27: =$F$2+(($C$7/$C$25+$D$23)*D26) -> 73.579556
A29: 24V power shunt resistor:
A30: R [Ω] | B30: =C30-$H$2*C30 -> 0.00495 | C30: 0.005 | D30: =C30+$H$2*C30 -> 0.00505
A31: I [A] | B31: 4 | C31: 4.17 | D31: 10
A32: Cu area [mm^2] | B32: - | C32: 550 | D32: -
A33: Cu area [in^2] | B33: - | C33: =C32/645.16 -> 0.85250171 | D33: -
A34: Ptransistor[W] | B34: =POWER(B31,2)*B30 -> 0.0792 | C34: =POWER(C31,2)*C30 -> 0.0869445 | D34: =POWER(D31,2)*D30 -> 0.505
A35: Tboard[°C] | B35: =$F$2+($C$7/$C$33*B34) -> 51.61288 | C35: =$F$2+($C$7/$C$33*C34) -> 52.748435 | D35: =$F$2+($C$7/$C$33*D34) -> 114.04677
A37: Ptot [W] | C37: =5*C8+6*C17+C26+C34+'+15V power supply LM317'!$C$22+'+3.3V power supply LM317'!C21 -> 1.6124339

Sheet (old) +15V power supply TL431
B1: Min | C1: Nom | D1: Max | F1: IC | G1: Tja [K/W] | H1: Tamb [°C] | J1: Resistor tolerance [%]
A2: Vin [V] | B2: 22 | C2: 24 | D2: 26 | F2: TL431CDR | G2: 97 | H2: 40 | J2: 1
A3: Vout_target [V] | B3: 15 | C3: 15 | D3: 15
A4: Iload [mA] | B4: 0 | C4: 10 | D4: 16.62 | F4: text | G4: Editable
A5: Iout_target [mA] | B5: =B4 -> 0 | C5: =C4 -> 10 | D5: =D4 -> 16.62 | F5: text | G5: Non-editable
G6: Target
A7: Vref [V] | B7: 2.44 | C7: 2.495 | D7: 2.55 | G7: Parameter
A8: Iref [uA] | B8: 1 | C8: 2 | D8: 4 | G8: Output
A9: Idiv_target [mA] | B9: 0.1 | C9: 0.5 | D9: 1 | G9: Temperature
A10: R2_target [kΩ] | B10: =B7/B9 -> 24.4 | C10: =C7/C9 -> 4.99 | D10: =D7/D9 -> 2.55
A11: R2 [kΩ] | B11: =C11-($J$2/100*C11) -> 4.653 | C11: 4.7 | D11: =C11+($J$2/100*C11) -> 4.747
A12: R1_target [kΩ] | B12: =($C$3/D7-1)*B11 -> 22.717588 | C12: =($C$3/C7-1)*C11 -> 23.556513 | D12: =($C$3/B7-1)*D11 -> 24.435377
A13: R1 [kΩ] | B13: =C13-($J$2/100*C13) -> 23.265 | C13: 23.5 | D13: =C13+($J$2/100*C13) -> 23.735
A14: Vout [V] | B14: =(1+B13/D11)*B7+(B8*B13)/1000 -> 14.421681 | C14: =(1+C13/C11)*C7+(C8*C13)/1000 -> 15.017 | D14: =(1+D13/B11)*D7+(D8*D13)/1000 -> 15.652516
A15: Idiv [mA] | B15: =B14/(D13+D11) -> 0.50634369 | C15: =C14/(C13+C11) -> 0.53251773 | D15: =D14/(B13+B11) -> 0.56066035
A17: Udrop [V] | B17: =B2-D14 -> 6.3474842 | C17: =C2-C3 -> 9 | D17: =D2-B14 -> 11.578319
A18: Rsup_target [Ω] | B18: =B17/D5*1000 -> 381.91843 | C18: =C17/C5*1000 -> 900 | D18: =IF(B5<=0, "∞", D17/B5*1000<0) -> ∞
A19: Rsup[Ω] | B19: =C19-($J$2/100*C19) -> 386.1 | C19: 390 | D19: =C19+($J$2/100*C19) -> 393.9
A20: Ires [mA] | B20: =B17/D19*1000 -> 16.114456 | C20: =C17/C19*1000 -> 23.076923 | D20: =D17/B19*1000 -> 29.987877
A21: Pres [W] | B21: =B19*POWER(B20, 2)/1000000 -> 0.10026079 | C21: =C19*POWER(C20, 2)/1000000 -> 0.20769231 | D21: =D19*POWER(D20, 2)/1000000 -> 0.35422353
A22: Iout [mA] | B22: =B20-D15 -> 15.553796 | C22: =C20-C15 -> 22.544405 | D22: =D20-B15 -> 29.481533
A24: Preg [W] | B24: =B14*(IF(B22-D5<0, 0, B22-D5))/1000 -> 0 | C24: =C14*(IF(C22-C5<0, 0, C22-C5))/1000 -> 0.18837934 | D24: =D14*(D22-B5)/1000 -> 0.46146016
A25: Treg [°C] | B25: =B24*$G$2+$H$2 -> 40 | C25: =C24*$G$2+$H$2 -> 58.272796 | D25: =D24*$G$2+$H$2 -> 84.761635

Sheet (old) +3.3V power supply TL431
B1: Min | C1: Nom | D1: Max | F1: IC | G1: Tja [K/W] | H1: Tamb [°C] | J1: Resistor tolerance [%]
A2: Vin [V] | B2: 22 | C2: 24 | D2: 26 | F2: TL431CDR | G2: 97 | H2: 40 | J2: 1
A3: Vout_target [V] | B3: 3.3 | C3: 3.3 | D3: 3.3
A4: Iload [mA] | B4: 0 | C4: 15 | D4: 25 | F4: text | G4: Editable
A5: Iout_target [mA] | B5: =B4 -> 0 | C5: =C4 -> 15 | D5: =D4 -> 25 | F5: text | G5: Non-editable
G6: Target
A7: Vref [V] | B7: 2.44 | C7: 2.495 | D7: 2.55 | G7: Parameter
A8: Iref [uA] | B8: - | C8: 2 | D8: 4 | G8: Output
A9: Idiv_target [mA] | B9: 0.1 | C9: 0.5 | D9: 1 | G9: Temperature
A10: R2_target [kΩ] | B10: =B7/B9 -> 24.4 | C10: =C7/C9 -> 4.99 | D10: =D7/D9 -> 2.55
A11: R2 [kΩ] | B11: =C11-($J$2/100*C11) -> 4.653 | C11: 4.7 | D11: =C11+($J$2/100*C11) -> 4.747
A12: R1_target [kΩ] | B12: =($C$3/D7-1)*B11 -> 1.3685294 | C12: =($C$3/C7-1)*C11 -> 1.5164329 | D12: =($C$3/B7-1)*D11 -> 1.673123
A13: R1 [kΩ] | B13: =C13-($J$2/100*C13) -> 1.485 | C13: 1.5 | D13: =C13+($J$2/100*C13) -> 1.515
A14: Vout [V] | B14: =(1+B13/B11)*B7+(C8*B13)/1000 -> 3.2216934 | C14: =(1+C13/C11)*C7+(C8*C13)/1000 -> 3.2942766 | D14: =(1+D13/D11)*D7+(D8*D13)/1000 -> 3.3698898
A15: Idiv [mA] | B15: =B14/(D13+D11) -> 0.51448314 | C15: =C14/(C13+C11) -> 0.53133493 | D15: =D14/(B13+B11) -> 0.54902082
A17: Udrop [V] | B17: =B2-D14 -> 18.63011 | C17: =C2-C3 -> 20.7 | D17: =D2-B14 -> 22.778307
A18: Rsup_target [Ω] | B18: =B17/(D5*1.1)*1000 -> 677.45855 | C18: =C17/C5*1000 -> 1380 | D18: =IF(B5<=0, "∞", D17/B5*1000<0) -> ∞
A19: Rsup[Ω] | B19: =C19-($J$2/100*C19) -> 495 | C19: 500 | D19: =C19+($J$2/100*C19) -> 505
A20: Ires [mA] | B20: =B17/D19*1000 -> 36.891307 | C20: =C17/C19*1000 -> 41.4 | D20: =D17/B19*1000 -> 46.016781
A21: Pres [W] | B21: =B19*POWER(B20, 2)/1000000 -> 0.67367944 | C21: =C19*POWER(C20, 2)/1000000 -> 0.85698 | D21: =D19*POWER(D20, 2)/1000000 -> 1.0693598
A22: Iout [mA] | B22: =B20-D15 -> 36.342287 | C22: =C20-C15 -> 40.868665 | D22: =D20-B15 -> 45.502298
A24: Preg [W] | B24: =B14*(IF(B22-D5<0, 0, B22-D5))/1000 -> 0.03654137 | C24: =C14*(C22-C5)/1000 -> 0.085218538 | D24: =D14*(D22-B5)/1000 -> 0.15333773
A25: Treg [°C] | B25: =B24*$G$2+$H$2 -> 43.544513 | C25: =C24*$G$2+$H$2 -> 48.266198 | D25: =D24*$G$2+$H$2 -> 54.87376

Sheet (old) NTC temperature
B1: Min | C1: Nom | D1: Max
A2: k | B2: - | C2: 1.29 | D2: -
A3: n | B3: - | C3: -1.34 | D3: -
A4: Istdy [A] | B4: 4 | C4: 4.17 | D4: 4.5
A5: δntc [mW/°C] | B5: - | C5: 24 | D5: -
A6: Rntc [Ω] | B6: =$C$2*POWER(B4, $C$3) -> 0.2012933 | C6: =$C$2*POWER(C4, $C$3) -> 0.1903739 | D6: =$C$2*POWER(D4, $C$3) -> 0.17190359
A7: Pntc [W] | B7: =B6*B4*B4 -> 3.2206928 | C7: =C6*C4*C4 -> 3.3103926 | D7: =D6*D4*D4 -> 3.4810477
A8: Tntc [°C] | B8: =B7/($C$5/1000) -> 134.19553 | C8: =C7/($C$5/1000) -> 137.93303 | D8: =D7/($C$5/1000) -> 145.04365
